year,quarter,period,revenue,opex,depreciation,tax,total_expense,EBITDA,operating_profit,profit_after_tax,EBITDA_margin
2024,Q1,Q1 2024,1000000,-500000,-50000,-90000,640000,500000,450000,360000,0.5
2024,Q2,Q2 2024,1100000,-535000,-52000,-95000,682000,565000,513000,418000,0.5136363636363637
2025,Q1,Q1 2025,1300000,-590000,-60000,-110000,760000,710000,650000,540000,0.5461538461538461
2025,Q2,Q2 2025,1400000,-625000,-65000,-120000,810000,775000,710000,590000,0.5535714285714286
